s0-10.jpg,3,
s0-00.jpg,4,
s0-13.jpg,2,
s0-11.jpg,1,
s0-11.jpg,1,
s0-12.jpg,1,
s0-10.jpg,2,
s0-13.jpg,4,
s0-11.jpg,3,
s0-00.jpg,4,
s0-10.jpg,2,
s0-12.jpg,1,
s0-11.jpg,4,
s0-00.jpg,3,
s0-10.jpg,2,
s0-13.jpg,1,
s0-11.jpg,4,
s0-13.jpg,3,
s0-10.jpg,2,
s0-12.jpg,1,
s0-00.jpg,3,
s0-13.jpg,3,
s0-11.jpg,3,
s0-10.jpg,3,
s0-00.jpg,3,
s0-11.jpg,3,
s0-12.jpg,3,
s0-13.jpg,3,
s0-11.jpg,3,
s0-12.jpg,3,
s0-00.jpg,3,
s0-13.jpg,3,
s0-11.jpg,1,
s0-12.jpg,3,
s0-10.jpg,4,
s0-13.jpg,5,
s0-12.jpg,3,
s0-11.jpg,2,
s0-13.jpg,4,
s0-00.jpg,5,
s0-11.jpg,2,
s0-12.jpg,2,
s0-10.jpg,2,
s0-13.jpg,2,
s0-10.jpg,3,
s0-13.jpg,3,
s0-00.jpg,3,
s0-12.jpg,3,
s0-10.jpg,3,
s0-11.jpg,4,
s0-00.jpg,1,
s0-12.jpg,2,
s0-11.jpg,2,
s0-13.jpg,2,
s0-10.jpg,2,
s0-00.jpg,2,
s0-00.jpg,3,
s0-10.jpg,3,
s0-13.jpg,3,
s0-12.jpg,3,
7.jpg,3,
5.jpg,3,
3-10002.jpg,3,
4.jpg,3,
5-12002.jpg,3,
5-00102.jpg,3,
3-23213.jpg,4,
3-01002.jpg,3,
5-01213.jpg,1,
5-01002.jpg,5,
5-02002.jpg,4,
5-03002.jpg,4,
5-02001.jpg,4,
3-00003.jpg,4,
5-01212.jpg,2,
4-00102.jpg,4,
3-30001.jpg,3,
3.jpg,1,
4-11212.jpg,2,
4-11312.jpg,1,
5-03002.jpg,2,
4-00202.jpg,2,
3-30001.jpg,2,
5-23213.jpg,1,
5.jpg,1,
4-11312.jpg,1,
5-01003.jpg,5,
3-30001.jpg,3,
5-00003.jpg,5,
4-11211.jpg,2,
5-03002.jpg,2,
4.jpg,2,
5-02001.jpg,4,
5-02002.jpg,4,
3-30001.jpg,4,
3-10002.jpg,3,
3-11002.jpg,3,
5-01213.jpg,1,
3-23213.jpg,3,
3-00203.jpg,3,
3-00102.jpg,3,
3-00003.jpg,2,
3-23211.jpg,2,
3-30001.jpg,2,
3-30002.jpg,3,
5-20002.jpg,3,
3-10002.jpg,3,
5-00003.jpg,3,
5-01213.jpg,3,
5-23213.jpg,3,
3-30002.jpg,3,
3-23313.jpg,2,
3-23211.jpg,2,
4-11211.jpg,3,
3-23213.jpg,3,
3-01002.jpg,3,
